{"cameraMode":{"drawMode":0,"name":"Shaded","section":"Shading Mode"},"sceneLighting":true,"audioPlay":false,"sceneViewState":{"m_AlwaysRefresh":false,"showFog":true,"showSkybox":false,"showFlares":true,"showImageEffects":true,"showParticleSystems":true,"showVisualEffectGraphs":true,"m_FxEnabled":true},"in2DMode":false,"pivot":{"x":1.0348780155181885,"y":4.998556137084961,"z":46.31755828857422},"rotation":{"x":0.03268435224890709,"y":0.0035949235316365959,"z":0.00011798909690696746,"w":-0.99946129322052},"size":31.90302085876465,"orthographic":false}