{"cameraMode":{"drawMode":0,"name":"Shaded","section":"Shading Mode"},"sceneLighting":true,"audioPlay":false,"sceneViewState":{"m_AlwaysRefresh":false,"showFog":true,"showSkybox":false,"showFlares":true,"showImageEffects":true,"showParticleSystems":true,"showVisualEffectGraphs":true,"m_FxEnabled":true},"in2DMode":false,"pivot":{"x":1.9909281730651856,"y":1.747366189956665,"z":46.446990966796878},"rotation":{"x":0.007190100383013487,"y":-0.0039030190091580154,"z":-0.000028077618480892852,"w":-0.9999678730964661},"size":31.90302085876465,"orthographic":false}