{"cameraMode":{"drawMode":0,"name":"Shaded","section":"Shading Mode"},"sceneLighting":true,"audioPlay":false,"sceneViewState":{"m_AlwaysRefresh":false,"showFog":true,"showSkybox":false,"showFlares":true,"showImageEffects":true,"showParticleSystems":true,"showVisualEffectGraphs":true,"m_FxEnabled":true},"in2DMode":false,"pivot":{"x":-1.3066895008087159,"y":0.7040162086486816,"z":46.397178649902347},"rotation":{"x":0.0011902240803465248,"y":0.01259654201567173,"z":0.000015421277566929348,"w":-0.9999217987060547},"size":28.099323272705079,"orthographic":false}