{"cameraMode":{"drawMode":0,"name":"Shaded","section":"Shading Mode"},"sceneLighting":true,"audioPlay":false,"sceneViewState":{"m_AlwaysRefresh":false,"showFog":true,"showSkybox":false,"showFlares":true,"showImageEffects":true,"showParticleSystems":true,"showVisualEffectGraphs":true,"m_FxEnabled":true},"in2DMode":false,"pivot":{"x":6.232979774475098,"y":-0.22820758819580079,"z":11.046374320983887},"rotation":{"x":-0.18281595408916474,"y":-0.09950580447912216,"z":0.018602995201945306,"w":-0.9779264330863953},"size":7.5614013671875,"orthographic":false}