{"cameraMode":{"drawMode":0,"name":"Shaded","section":"Shading Mode"},"sceneLighting":true,"audioPlay":false,"sceneViewState":{"m_AlwaysRefresh":false,"showFog":true,"showSkybox":false,"showFlares":true,"showImageEffects":true,"showParticleSystems":true,"showVisualEffectGraphs":true,"m_FxEnabled":true},"in2DMode":false,"pivot":{"x":-1.7428028583526612,"y":2.342480182647705,"z":12.046846389770508},"rotation":{"x":-0.01980804093182087,"y":-0.003902286058291793,"z":0.00007832982373656705,"w":-0.9998006820678711},"size":15.053692817687989,"orthographic":false}